Tabla;Codigo;Nombre
TipoNota;NA;Nota ajuste RIPS
TipoNota;NC;Nota credito
TipoNota;ND;Nota debito
TipoIdPISIS;AS;Adulto sin identificacion
TipoIdPISIS;CC;Cedula de Ciudadania
TipoIdPISIS;CD;Carnet Diplomatico
TipoIdPISIS;CE;Cedula de Extranjeria
TipoIdPISIS;CN;Certificado de nacido vivo
TipoIdPISIS;DE;Documento extranjero
TipoIdPISIS;MS;Menor sin identificacion
TipoIdPISIS;NI;Numero de identificacion tributario NIT
TipoIdPISIS;NV;Certificado nacido vivo
TipoIdPISIS;PA;Pasaporte
TipoIdPISIS;PE;Permiso Especial de Permanencia
TipoIdPISIS;PT;Permiso por proteccion temporal
TipoIdPISIS;RC;Registro civil
TipoIdPISIS;SC;Salvoconducto
TipoIdPISIS;SI;Sin identificacion
TipoIdPISIS;TI;Tarjeta de Identidad
RIPSTipoUsuarioVersion2;01;Contributivo cotizante
RIPSTipoUsuarioVersion2;02;Contributivo beneficiario
RIPSTipoUsuarioVersion2;03;Contributivo adicional
RIPSTipoUsuarioVersion2;04;Subsidiado
RIPSTipoUsuarioVersion2;05;No afiliado
RIPSTipoUsuarioVersion2;06;Especial o Excepcion cotizante
RIPSTipoUsuarioVersion2;07;Especial o Excepcion beneficiario
RIPSTipoUsuarioVersion2;08;Personas privadas de la libertad a cargo del Fondo Nacional de Salud
RIPSTipoUsuarioVersion2;09;Tomador / Amparado ARL
RIPSTipoUsuarioVersion2;10;Tomador / Amparado SOAT
RIPSTipoUsuarioVersion2;11;Tomador / Amparado Planes  voluntarios de salud
RIPSTipoUsuarioVersion2;12;Particular
Sexo;M;Hombre
Sexo;I;Indeterminado o Intersexual
Sexo;F;Mujer
ZonaVersion2;01;Rural
ZonaVersion2;02;Urbano
LstSINO;NO;NO
LstSINO;SI;SI
ModalidadAtencion;01;Intramural
ModalidadAtencion;02;Extramural unidad movil
ModalidadAtencion;03;Extramural domiciliaria
ModalidadAtencion;04;Extramural jornada de salud
ModalidadAtencion;06;Telemedicina interactiva
ModalidadAtencion;07;Telemedicina no interactiva
ModalidadAtencion;08;Telemedicina telexperticia
ModalidadAtencion;09;Telemedicina telemonitoreo
GrupoServicios;01;Consulta externa
GrupoServicios;02;Apoyo diagnostico y complementacion  terapeutica
GrupoServicios;03;Internacion
GrupoServicios;04;Quirurgico
GrupoServicios;05;Atencion inmediata
Servicios;105;CUIDADO INTERMEDIO NEONATAL
Servicios;106;CUIDADO INTERMEDIO PEDIATRICO
Servicios;107;CUIDADO INTERMEDIO ADULTOS
Servicios;108;CUIDADO INTENSIVO NEONATAL
Servicios;109;CUIDADO INTENSIVO PEDIATRICO
Servicios;110;CUIDADO INTENSIVO ADULTOS
Servicios;1101;ATENCION DEL PARTO
Servicios;1102;URGENCIAS
Servicios;1103;TRANSPORTE ASISTENCIAL BASICO
Servicios;1104;TRANSPORTE ASISTENCIAL MEDICALIZADO
Servicios;1105;ATENCION PREHOSPITALARIA
Servicios;120;CUIDADO BASICO NEONATAL
Servicios;129;HOSPITALIZACION ADULTOS
Servicios;130;HOSPITALIZACION PEDIATRICA
Servicios;131;HOSPITALIZACION EN SALUD MENTAL
Servicios;132;HOSPITALIZACION PARCIAL
Servicios;133;HOSPITALIZACION PACIENTE CRONICO CON VENTILADOR
Servicios;134;HOSPITALIZACION PACIENTE CRONICO SIN VENTILADOR
Servicios;135;HOSPITALIZACION EN  CONSUMO DE SUSTANCIAS PSICOACTIVAS
Servicios;138;CUIDADO BASICO DEL CONSUMO DE SUSTANCIAS PSICOACTIVAS
Servicios;201;CIRUGIA DE CABEZA Y CUELLO
Servicios;202;CIRUGIA CARDIOVASCULAR
Servicios;203;CIRUGIA GENERAL
Servicios;204;CIRUGIA GINECOLOGICA
Servicios;205;CIRUGIA MAXILOFACIAL
Servicios;207;CIRUGIA ORTOPEDICA
Servicios;208;CIRUGIA OFTALMOLOGICA
Servicios;209;CIRUGIA OTORRINOLARINGOLOGIA
Servicios;210;CIRUGIA ONCOLOGICA
Servicios;211;CIRUGIA ORAL
Servicios;212;CIRUGIA PEDIATRICA
Servicios;213;CIRUGIA PLASTICA Y ESTETICA
Servicios;214;CIRUGIA VASCULAR Y ANGIOLOGICA
Servicios;215;CIRUGIA UROLOGICA
Servicios;217;OTRAS CIRUGIAS
Servicios;218;CIRUGIA ENDOVASCULAR NEUROLOGICA
Servicios;227;CIRUGIA ONCOLOGICA PEDIATRICA
Servicios;231;CIRUGIA DE LA MANO
Servicios;232;CIRUGIA DE MAMA Y TUMORES TEJIDOS BLANDOS
Servicios;233;CIRUGIA DERMATOLOGICA
Servicios;234;CIRUGIA DE TORAX
Servicios;235;CIRUGIA GASTROINTESTINAL
Servicios;237;CIRUGIA PLASTICA ONCOLOGICA
Servicios;245;NEUROCIRUGIA
Servicios;301;ANESTESIA
Servicios;302;CARDIOLOGIA
Servicios;303;CIRUGIA CARDIOVASCULAR
Servicios;304;CIRUGIA GENERAL
Servicios;306;CIRUGIA PEDIATRICA
Servicios;308;DERMATOLOGIA
Servicios;309;DOLOR Y CUIDADOS PALIATIVOS
Servicios;310;ENDOCRINOLOGIA
Servicios;311;ENDODONCIA
Servicios;312;ENFERMERIA
Servicios;313;ESTOMATOLOGIA
Servicios;316;GASTROENTEROLOGIA
Servicios;317;GENETICA
Servicios;318;GERIATRIA
Servicios;320;GINECOBSTETRICIA
Servicios;321;HEMATOLOGIA
Servicios;323;INFECTOLOGIA
Servicios;324;INMUNOLOGIA
Servicios;325;MEDICINA FAMILIAR
Servicios;326;MEDICINA FISICA Y DEL DEPORTE
Servicios;327;MEDICINA FISICA Y REHABILITACION
Servicios;328;MEDICINA GENERAL
Servicios;329;MEDICINA INTERNA
Servicios;330;NEFROLOGIA
Servicios;331;NEUMOLOGIA
Servicios;332;NEUROLOGIA
Servicios;333;NUTRICION Y DIETETICA
Servicios;334;ODONTOLOGIA GENERAL
Servicios;335;OFTALMOLOGIA
Servicios;336;ONCOLOGIA CLINICA
Servicios;337;OPTOMETRIA
Servicios;338;ORTODONCIA
Servicios;339;ORTOPEDIA Y/O TRAUMATOLOGIA
Servicios;340;OTORRINOLARINGOLOGIA
Servicios;342;PEDIATRIA
Servicios;343;PERIODONCIA
Servicios;344;PSICOLOGIA
Servicios;345;PSIQUIATRIA
Servicios;346;REHABILITACION ONCOLOGICA
Servicios;347;REHABILITACION ORAL
Servicios;348;REUMATOLOGIA
Servicios;354;TOXICOLOGIA
Servicios;355;UROLOGIA
Servicios;356;OTRAS CONSULTAS DE ESPECIALIDAD
Servicios;361;CARDIOLOGIA PEDIATRICA
Servicios;362;CIRUGIA DE CABEZA Y CUELLO
Servicios;363;CIRUGIA DE MANO
Servicios;364;CIRUGIA DE MAMA Y TUMORES TEJIDOS BLANDOS
Servicios;365;CIRUGIA DERMATOLOGICA
Servicios;366;CIRUGIA DE TORAX
Servicios;367;CIRUGIA GASTROINTESTINAL
Servicios;368;CIRUGIA GINECOLOGICA LAPAROSCOPICA
Servicios;369;CIRUGIA PLASTICA Y ESTETICA
Servicios;370;CIRUGIA PLASTICA ONCOLOGICA
Servicios;371;OTRAS CONSULTAS GENERALES
Servicios;372;CIRUGIA VASCULAR
Servicios;373;CIRUGIA ONCOLOGICA
Servicios;374;CIRUGIA ONCOLOGICA PEDIATRICA
Servicios;375;DERMATOLOGIA ONCOLOGICA
Servicios;377;COLOPROCTOLOGIA
Servicios;379;GINECOLOGIA ONCOLOGICA
Servicios;383;MEDICINA NUCLEAR
Servicios;384;NEFROLOGIA PEDIATRICA
Servicios;385;NEONATOLOGIA
Servicios;386;NEUMOLOGIA PEDIATRICA
Servicios;387;NEUROCIRUGIA
Servicios;388;NEUROPEDIATRIA
Servicios;390;OFTALMOLOGIA ONCOLOGICA
Servicios;391;ONCOLOGIA Y HEMATOLOGIA PEDIATRICA
Servicios;393;ORTOPEDIA ONCOLOGICA
Servicios;395;UROLOGIA ONCOLOGICA
Servicios;396;ODONTOPEDIATRIA
Servicios;397;MEDICINA ESTETICA
Servicios;406;HEMATOLOGIA ONCOLOGICA
Servicios;407;MEDICINA DEL TRABAJO Y MEDICINA LABORAL
Servicios;408;RADIOTERAPIA
Servicios;409;ORTOPEDIA PEDIATRICA
Servicios;410;CIRUGIA ORAL
Servicios;411;CIRUGIA MAXILOFACIAL
Servicios;412;MEDICINA ALTERNATIVA Y COMPLEMENTARIA - HOMEOPATICA
Servicios;413;MEDICINA ALTERNATIVA Y COMPLEMENTARIA - AYURVEDICA
Servicios;414;MEDICINA ALTERNATIVA Y COMPLEMENTARIA - TRADICIONAL CHINA
Servicios;415;MEDICINA ALTERNATIVA Y COMPLEMENTARIA - NATUROPATICA
Servicios;416;MEDICINA ALTERNATIVA Y COMPLEMENTARIA - NEURALTERAPEUTICA
Servicios;417;TERAPIAS ALTERNATIVAS Y COMPLEMENTARIAS - BIOENERGETICA
Servicios;418;TERAPIAS ALTERNATIVAS Y COMPLEMENTARIAS - TERAPIA  CON FILTROS
Servicios;419;TERAPIAS ALTERNATIVAS Y COMPLEMENTARIAS - TERAPIAS  MANUALES
Servicios;420;VACUNACION
Servicios;421;PATOLOGIA
Servicios;422;MEDICINA ALTERNATIVA Y COMPLEMENTARIA - OSTEOPATICA
Servicios;423;SEGURIDAD Y SALUD EN EL TRABAJO
Servicios;706;LABORATORIO CLINICO
Servicios;709;QUIMIOTERAPIA
Servicios;711;RADIOTERAPIA
Servicios;712;TOMA DE MUESTRAS DE LABORATORIO CLINICO
Servicios;714;SERVICIO FARMACEUTICO
Servicios;715;MEDICINA NUCLEAR
Servicios;717;LABORATORIO CITOLOGIAS CERVICO-UTERINAS
Servicios;728;TERAPIA OCUPACIONAL
Servicios;729;TERAPIA RESPIRATORIA
Servicios;731;LABORATORIO DE HISTOTECNOLOGIA
Servicios;733;HEMODIALISIS
Servicios;734;DIALISIS PERITONEAL
Servicios;739;FISIOTERAPIA
Servicios;740;FONOAUDIOLOGIA Y/O TERAPIA DEL LENGUAJE
Servicios;742;DIAGNOSTICO VASCULAR
Servicios;743;HEMODINAMIA E INTERVENCIONISMO
Servicios;744;IMAGENES DIAGNOSTICAS- IONIZANTES
Servicios;745;IMAGENES DIAGNOSTICAS - NO IONIZANTES
Servicios;746;GESTION PRE-TRANSFUSIONAL
Servicios;747;PATOLOGIA
Servicios;748;RADIOLOGIA ODONTOLOGICA
Servicios;749;TOMA DE MUESTRAS DE CUELLO UTERINO Y GINECOLOGICAS
RIPSFinalidadConsultaVersion2;11;VALORACION INTEGRAL PARA LA PROMOCION Y MANTENIMIENTO
RIPSFinalidadConsultaVersion2;12;DETECCION TEMPRANA DE ENFERMEDAD GENERAL
RIPSFinalidadConsultaVersion2;13;DETECCION TEMPRANA DE ENFERMEDAD LABORAL
RIPSFinalidadConsultaVersion2;14;PROTECCION ESPECIFICA
RIPSFinalidadConsultaVersion2;15;DIAGNOSTICO
RIPSFinalidadConsultaVersion2;16;TRATAMIENTO
RIPSFinalidadConsultaVersion2;17;REHABILITACION
RIPSFinalidadConsultaVersion2;18;PALIACION
RIPSFinalidadConsultaVersion2;19;PLANIFICACION FAMILIAR Y ANTICONCEPCION
RIPSFinalidadConsultaVersion2;20;PROMOCION Y APOYO A LA LACTANCIA MATERNA
RIPSFinalidadConsultaVersion2;21;ATENCION BASICA DE ORIENTACION FAMILIAR
RIPSFinalidadConsultaVersion2;22;ATENCION PARA EL CUIDADO PRECONCEPCIONAL
RIPSFinalidadConsultaVersion2;23;ATENCION PARA EL CUIDADO PRENATAL
RIPSFinalidadConsultaVersion2;24;INTERRUPCION VOLUNTARIA DEL EMBARAZO
RIPSFinalidadConsultaVersion2;25;ATENCION DEL PARTO Y PUERPERIO
RIPSFinalidadConsultaVersion2;26;ATENCION PARA EL CUIDADO DEL RECIEN NACIDO
RIPSFinalidadConsultaVersion2;27;ATENCION PARA EL SEGUIMIENTO DEL RECIEN NACIDO
RIPSFinalidadConsultaVersion2;28;PREPARACION PARA LA MATERNIDAD Y LA PATERNIDAD
RIPSFinalidadConsultaVersion2;29;PROMOCION DE ACTIVIDAD FISICA
RIPSFinalidadConsultaVersion2;30;PROMOCION DE LA CESACION DEL TABAQUISMO
RIPSFinalidadConsultaVersion2;31;PREVENCION DEL CONSUMO DE SUSTANCIAS PSICOACTIVAS
RIPSFinalidadConsultaVersion2;32;PROMOCION DE LA ALIMENTACION SALUDABLE
RIPSFinalidadConsultaVersion2;33;PROMOCION PARA EL EJERCICIO DE LOS DERECHOS SEXUALES Y DERECHOS REPRODUCTIVOS
RIPSFinalidadConsultaVersion2;34;PROMOCION PARA EL DESARROLLO DE HABILIDADES PARA LA VIDA
RIPSFinalidadConsultaVersion2;35;PROMOCION PARA LA CONSTRUCCION DE ESTRATEGIAS DE AFRONTAMIENTO FRENTE A SUCESOS VITALES
RIPSFinalidadConsultaVersion2;36;PROMOCION DE LA SANA CONVIVENCIA Y EL TEJIDO  SOCIAL
RIPSFinalidadConsultaVersion2;37;PROMOCION DE UN AMBIENTE SEGURO Y DE CUIDADO Y PROTECCION DEL AMBIENTE
RIPSFinalidadConsultaVersion2;38;PROMOCION DEL EMPODERAMIENTO PARA EL EJERCICIO DEL DERECHO A LA SALUD
RIPSFinalidadConsultaVersion2;39;PROMOCION PARA LA ADOPCION DE PRACTICAS DE CRIANZA Y CUIDADO PARA LA SALUD
RIPSFinalidadConsultaVersion2;40;PROMOCION DE LA CAPACIDAD DE LA AGENCIA Y CUIDADO DE LA SALUD
RIPSFinalidadConsultaVersion2;41;DESARROLLO DE HABILIDADES COGNITIVAS
RIPSFinalidadConsultaVersion2;42;INTERVENCION COLECTIVA
RIPSFinalidadConsultaVersion2;43;MODIFICACION DE LA ESTETICA CORPORAL (FINES ESTETICOS)
RIPSFinalidadConsultaVersion2;44;OTRA
RIPSCausaExternaVersion2;21;Accidente de trabajo
RIPSCausaExternaVersion2;22;Accidente en el hogar
RIPSCausaExternaVersion2;23;Accidente de transito de origen comun
RIPSCausaExternaVersion2;24;Accidente de transito de origen  laboral
RIPSCausaExternaVersion2;25;Accidente en el entorno educativo
RIPSCausaExternaVersion2;26;Otro tipo de accidente
RIPSCausaExternaVersion2;27;Evento catastrofico de origen natural
RIPSCausaExternaVersion2;28;Lesion por agresion
RIPSCausaExternaVersion2;29;Lesion auto infligida
RIPSCausaExternaVersion2;30;Sospecha de violencia fisica
RIPSCausaExternaVersion2;31;Sospecha de violencia psicologica
RIPSCausaExternaVersion2;32;Sospecha de violencia sexual
RIPSCausaExternaVersion2;33;Sospecha de negligencia y abandono
RIPSCausaExternaVersion2;34;IVE relacionado con peligro a la Salud o  vida de la mujer
RIPSCausaExternaVersion2;35;IVE por malformacion congenita  incompatible con la vida
RIPSCausaExternaVersion2;36;IVE por violencia sexual, incesto o por inseminacion artificial o  transferencia de ovulo fecundado no consentida
RIPSCausaExternaVersion2;37;Evento adverso en salud
RIPSCausaExternaVersion2;38;Enfermedad general
RIPSCausaExternaVersion2;39;Enfermedad laboral
RIPSCausaExternaVersion2;40;Promocion y mantenimiento de la salud – intervenciones individuales
RIPSCausaExternaVersion2;41;Intervencion colectiva
RIPSCausaExternaVersion2;42;Atencion de poblacion materno perinatal
RIPSCausaExternaVersion2;43;Riesgo ambiental
RIPSCausaExternaVersion2;44;Otros eventos Catastroficos
RIPSCausaExternaVersion2;45;Accidente de mina antipersonal – MAP
RIPSCausaExternaVersion2;46;Accidente de Artefacto Explosivo Improvisado – AEI
RIPSCausaExternaVersion2;47;Accidente de Municion Sin Explotar- MUSE
RIPSCausaExternaVersion2;48;Otra victima de conflicto armado colombiano
RIPSTipoDiagnosticoPrincipalVersion2;1;Impresion diagnostica
RIPSTipoDiagnosticoPrincipalVersion2;2;Confirmado nuevo
RIPSTipoDiagnosticoPrincipalVersion2;3;Confirmado repetido
conceptoRecaudo;01;Copago
conceptoRecaudo;02;Cuota moderadora
conceptoRecaudo;03;Pagos Compartidos en Planes Voluntarios de Salud
conceptoRecaudo;04;Anticipo
conceptoRecaudo;05;No aplica
ViaIngresoUsuario;01;Demanda espontanea
ViaIngresoUsuario;02;Derivado de consulta externa
ViaIngresoUsuario;03;Derivado de urgencias
ViaIngresoUsuario;04;Derivado de hospitalizacion
ViaIngresoUsuario;05;Derivado de sala de cirugia
ViaIngresoUsuario;06;Derivado de sala de partos
ViaIngresoUsuario;07;Recien nacido en la institucion
ViaIngresoUsuario;08;Recien nacido en otra institucion
ViaIngresoUsuario;09;Derivado o referido de hospitalizacion domiciliaria
ViaIngresoUsuario;10;Derivado de atencion domiciliaria
ViaIngresoUsuario;11;Derivado de telemedicina
ViaIngresoUsuario;12;Derivado de jornada de salud
ViaIngresoUsuario;13;Referido de otra institucion
ViaIngresoUsuario;14;Contrarreferido de otra institucion
CondicionyDestinoUsuarioEgreso;01;Paciente con destino a su domicilio
CondicionyDestinoUsuarioEgreso;02;Paciente muerto
CondicionyDestinoUsuarioEgreso;03;Paciente derivado a otro servicio
CondicionyDestinoUsuarioEgreso;04;Referido a otra institucion
CondicionyDestinoUsuarioEgreso;05;Contra referido a otra institucion
CondicionyDestinoUsuarioEgreso;06;Derivado o referido a hospitalizacion domiciliaria
CondicionyDestinoUsuarioEgreso;07;Derivado a servicio social
TipoMedicamentoPOSVersion2;01;Medicamento con uso con registro sanitario
TipoMedicamentoPOSVersion2;02;Medicamento con uso como vital no disponible definido por INVIMA
TipoMedicamentoPOSVersion2;03;Preparacion magistral
TipoMedicamentoPOSVersion2;04;Medicamento con uso no incluido en  el registro sanitario (Listado UNIRS)
TipoMedicamentoPOSVersion2;05;Medicamento con autorizacion sanitaria de uso emergencia ASUE
UPR;1;AMPOLLA
UPR;10;ENVASE
UPR;11;CAJA
UPR;12;LATA
UPR;13;FRASCO
UPR;14;CAPSULA
UPR;15;CARTON
UPR;16;CARTUCHO
UPR;17;ESTUCHE
UPR;18;PELICULA DE PVC TRANSPARENTE DE COLORES
UPR;19;UNIDADES CLINICAS
UPR;2;APLICADOR
UPR;20;RECUBRIMIENTO
UPR;21;CONTENEDOR
UPR;22;RECUENTO
UPR;23;COPA
UPR;24;CILINDRO
UPR;25;VASOS DEWAR
UPR;26;DIAL PACK
UPR;27;DISCO
UPR;28;DOSIS EN ENVASE
UPR;29;GOTAS
UPR;3;BOLSA
UPR;30;TAMBOR - BOMBO
UPR;31;PELICULA
UPR;32;GENERADOR
UPR;33;GLOBULO
UPR;34;DILUCION HOMEOPATICA
UPR;35;IMPLANTE
UPR;36;INHALACION
UPR;37;INHALADOR
UPR;38;INHALADOR, RECARGA
UPR;39;INSERTO
UPR;4;BARRA
UPR;40;FRASCO
UPR;41;JARRA
UPR;42;UNIDAD INHIBIDORA DE CALICREINA
UPR;43;KIT
UPR;44;PASTILLA
UPR;45;EMBALAJE
UPR;46;PAQUETE
UPR;47;BALDE
UPR;48;PARTES
UPR;49;PARCHE
UPR;5;PERLA
UPR;50;PILDORA (PELLET)
UPR;51;PIEZA
UPR;53;UNIDADES DE PRESION
UPR;54;ANILLO
UPR;55;SATURADO
UPR;56;CUCHARA MEDIDORA
UPR;57;ESPONJA
UPR;58;ATOMIZADOR (SPRAY)
UPR;59;CENTIMETRO CUADRADO
UPR;6;BLISTER
UPR;61;TIRA
UPR;63;SUPOSITORIO
UPR;64;HISOPO
UPR;65;JERINGA
UPR;66;TABLETA
UPR;67;TABMINDER
UPR;68;TAMPON
UPR;69;TANQUE
UPR;7;ENVASE BLISTER
UPR;70;PRUEBA
UPR;71;BANDEJA
UPR;72;TROCHE
UPR;73;TUBO
UPR;74;UNIDADES
UPR;75;VIAL
UPR;76;OBLEA
UPR;77;TERMO
UPR;78;SOBRE
UPR;79;PLUMA
UPR;8;BLOQUE
UPR;80;LITRO
UPR;81;OVULO
UPR;9;BOLO
TipoOtrosServicios;01;DISPOSITIVOS MEDICOS E INSUMOS
TipoOtrosServicios;02;TRASLADOS
TipoOtrosServicios;03;ESTANCIAS
TipoOtrosServicios;04;SERVICIOS COMPLEMENTARIOS
TipoOtrosServicios;05;HONORARIOS
Pais;004;AFGANISTAN
Pais;008;ALBANIA
Pais;010;ANTARTIDA
Pais;012;ARGELIA
Pais;016;SAMOA AMERICANA
Pais;020;ANDORRA
Pais;024;ANGOLA
Pais;028;ANTIGUA Y BARBUDA
Pais;031;AZERBAIYAN
Pais;032;ARGENTINA
Pais;036;AUSTRALIA
Pais;040;AUSTRIA
Pais;044;BAHAMAS
Pais;048;BAREIN
Pais;050;BANGLADES
Pais;051;ARMENIA
Pais;052;BARBADOS
Pais;056;BELGICA
Pais;060;BERMUDA
Pais;064;BUTAN
Pais;068;BOLIVIA
Pais;070;BOSNIA-HERZEGOVINA
Pais;072;BOTSUANA
Pais;074;ISLA BOUVET
Pais;076;BRAZIL
Pais;084;BELICE
Pais;086;TERRITORIO BRITANICO DEL OCEANO INDICO
Pais;090;ISLAS SOLOMON
Pais;092;ISLAS VIRGENES BRITANICAS
Pais;096;BRUNEI
Pais;100;BULGARIA
Pais;104;MYANMAR (FORMER BURMA)
Pais;108;BURUNDI
Pais;112;BIELORRUSIA
Pais;116;CAMBOYA
Pais;120;CAMERUN
Pais;124;CANADA
Pais;132;CABO VERDE
Pais;136;ISLAS CAIMAN
Pais;140;REPUBLICA CENTROAFRICANA
Pais;144;SRI LANKA
Pais;148;CHAD
Pais;152;CHILE
Pais;156;CHINA
Pais;158;TAIWAN
Pais;162;ISLA DE NAVIDAD
Pais;166;ISLAS COCOS
Pais;170;COLOMBIA
Pais;174;COMORAS
Pais;175;MAYOTTE
Pais;178;CONGO
Pais;180;REPUBLICA DEMOCRATICA DEL CONGO
Pais;184;ISLAS COOK
Pais;188;COSTA RICA
Pais;191;CROACIA
Pais;192;CUBA
Pais;196;CHIPRE
Pais;203;REPUBLICA CHECA
Pais;204;BENIN
Pais;208;DINAMARCA
Pais;212;DOMINICA
Pais;214;REPUBLICA DOMINICANA
Pais;218;ECUADOR
Pais;222;EL SALVADOR
Pais;226;GUINEA ECUATORIAL
Pais;231;ETIOPIA
Pais;232;ERITREA
Pais;233;ESTONIA
Pais;234;ISLAS FEROE
Pais;238;ISLAS MALVINAS
Pais;239;ISLAS GEORGIAS DEL SUR Y SANDWICH DEL SUR
Pais;242;FIYI
Pais;246;FINLANDIA
Pais;248;ALAND
Pais;250;FRANCIA
Pais;254;GUAYANA FRANCESA
Pais;258;POLINESIA FRANCESA
Pais;260;TIERRAS AUSTRALES Y ANTARTICAS FRANCESAS
Pais;262;YIBUTI
Pais;266;GABON
Pais;268;GEORGIA
Pais;270;GAMBIA
Pais;275;PALESTINA
Pais;276;ALEMANIA
Pais;288;GHANA
Pais;292;GIBRALTAR
Pais;296;KIRIBATI
Pais;300;GRECIA
Pais;304;GROENLANDIA
Pais;308;GRANADA
Pais;312;GUADALUOE
Pais;316;GUAM
Pais;320;GUATEMALA
Pais;324;GUINEA
Pais;328;GUYANA
Pais;332;HAITI
Pais;334;ISLA HEARD Y MCDONALD
Pais;336;SANTA SEDE
Pais;340;HONDURAS
Pais;344;HONG KONG
Pais;348;HUNGRIA
Pais;352;ISLANDIA
Pais;356;INDIA
Pais;360;INDONESIA
Pais;364;IRAN
Pais;368;IRAQ
Pais;372;IRLANDA
Pais;376;ISRAEL
Pais;380;ITALIA
Pais;384;COSTA DE MARFIL
Pais;388;JAMAICA
Pais;392;JAPON
Pais;398;KAZAJISTAN
Pais;400;JORDANIA
Pais;404;KENYA
Pais;408;COREA DEL NORTE
Pais;410;COREA DEL SUR
Pais;414;KUWAIT
Pais;417;KIRGUISTAN
Pais;418;LAOS
Pais;422;LIBANO
Pais;426;LESOTO
Pais;428;LETONIA
Pais;430;LIBERIA
Pais;434;LIBIA
Pais;438;LIECHTENSTEIN
Pais;440;LITUANIA
Pais;442;LUXEMBURGO
Pais;446;MACAO
Pais;450;MADAGASCAR
Pais;454;MALAUI
Pais;458;MALASIA
Pais;462;MALDIVAS
Pais;466;MALI
Pais;470;MALTA
Pais;474;MARTINICA
Pais;478;MAURITANIA
Pais;480;MAURICIO
Pais;484;MEXICO
Pais;492;MONACO
Pais;496;MONGOLIA
Pais;498;MOLDAVIA
Pais;499;MONTENEGRO
Pais;500;MONTSERRAT
Pais;504;MARRUECOS
Pais;508;MOZAMBIQUE
Pais;512;OMAN
Pais;516;NAMIBIA
Pais;520;NAURU
Pais;524;NEPAL
Pais;528;PAISES BAJOS
Pais;531;CURAZAO
Pais;533;ARUBA
Pais;534;SAN MARTIN (pArtE hOlAndEsA)
Pais;535;BONAIRE, SAN EUSTAQUIO Y SABA
Pais;540;NUEVA CALEDONIA
Pais;548;VANUATU
Pais;554;NUEVA ZELANDA
Pais;558;NICARAGUA
Pais;562;NIGER
Pais;566;NIGERIA
Pais;570;NIUE
Pais;574;ISLA NORFOLK
Pais;578;NORUEGA
Pais;580;ISLAS MARIANAS DEL NORTE
Pais;581;ISLAS ULTRAMARINAS MENORES DE ESTADOS UNIDOS
Pais;583;MICRONESIA
Pais;584;ISLAS MARSHALL
Pais;585;PALAOS
Pais;586;PAQUISTAN
Pais;591;PANAMA
Pais;598;PAPUA NUEVA GUINEA
Pais;600;PARAGUAY
Pais;604;PERU
Pais;608;FILIPINAS
Pais;612;PITCAIRN
Pais;616;POLONIA
Pais;620;PORTUGAL
Pais;624;GUINEA-BISAU
Pais;626;TIMOR ORIENTAL
Pais;630;PUERTO RICO
Pais;634;CATAR
Pais;638;REUNION
Pais;642;RUMANIA
Pais;643;RUSIA
Pais;646;RUANDA
Pais;652;SAN BARTOLOME
Pais;654;SANTA HELENA, ASCENSION Y TRISTAN DE ACUNA
Pais;659;SAN CRISTOBAL Y NIEVES
Pais;660;ANGUILA
Pais;662;SANTA LUCIA
Pais;663;SAN MARTIN (pArtE frAncEsA)
Pais;666;SAN PEDRO Y MIQUELON
Pais;670;SAN VICENTE Y LAS GRANADINAS
Pais;674;SAN MARINO
Pais;678;SANTO TOME Y PRINCIPE
Pais;682;ARABIA SAUDITA
Pais;686;SENEGAL
Pais;688;SERBIA
Pais;690;SEYCHELLES
Pais;694;SIERRA LEONA
Pais;702;SINGAPUR
Pais;703;ESLOVAQUIA
Pais;704;VIETNAM
Pais;705;ESLOVENIA
Pais;706;SOMALIA
Pais;710;SUDAFRICA
Pais;716;ZIMBABUE
Pais;724;ESPANA
Pais;728;SUDAN DEL SUR
Pais;729;SUDAN
Pais;732;SAHARA OCCIDENTAL
Pais;740;SURINAM
Pais;744;SVALBARD Y JAN MAYEN
Pais;748;SUAZILANDIA
Pais;752;SUECIA
Pais;756;SUIZA
Pais;760;SIRIA
Pais;762;TAYIKISTAN
Pais;764;TAILANDIA
Pais;768;TOGO
Pais;772;TOKELAU
Pais;776;TONGA
Pais;780;TRINIDAD Y TOBAGO
Pais;784;EMIRATOS ARABES UNIDOS
Pais;788;TUNEZ
Pais;792;TURQUIA
Pais;795;TURKMENISTAN
Pais;796;ISLAS TURCAS Y CAICOS
Pais;798;TUVALU
Pais;800;UGANDA
Pais;804;UCRANIA
Pais;807;MACEDONIA
Pais;818;EGIPTO
Pais;826;REINO UNIDO
Pais;831;GUERNSEY
Pais;832;JERSEY
Pais;833;ISLA DE MAN
Pais;834;TANZANIA
Pais;840;ESTADOS UNIDOS
Pais;850;ISLAS VIRGENES DE LOS ESTADOS UNIDOS
Pais;854;BURKINA FASO
Pais;858;URUGUAY
Pais;860;UZBEKISTAN
Pais;862;VENEZUELA
Pais;876;WALLIS Y FUTUNA
Pais;882;SAMOA
Pais;887;YEMEN
Pais;894;ZAMBIA
Municipio;05001;MEDELLIN
Municipio;05002;ABEJORRAL
Municipio;05004;ABRIAQUI
Municipio;05021;ALEJANDRIA
Municipio;05030;AMAGA
Municipio;05031;AMALFI
Municipio;05034;ANDES
Municipio;05036;ANGELOPOLIS
Municipio;05038;ANGOSTURA
Municipio;05040;ANORI
Municipio;05042;SANTA FE DE ANTIOQUIA
Municipio;05044;ANZA
Municipio;05045;APARTADO
Municipio;05051;ARBOLETES
Municipio;05055;ARGELIA
Municipio;05059;ARMENIA
Municipio;05079;BARBOSA
Municipio;05086;BELMIRA
Municipio;05088;BELLO
Municipio;05091;BETANIA
Municipio;05093;BETULIA
Municipio;05101;CIUDAD BOLIVAR
Municipio;05107;BRICENO
Municipio;05113;BURITICA
Municipio;05120;CACERES
Municipio;05125;CAICEDO
Municipio;05129;CALDAS
Municipio;05134;CAMPAMENTO
Municipio;05138;CANASGORDAS
Municipio;05142;CARACOLI
Municipio;05145;CARAMANTA
Municipio;05147;CAREPA
Municipio;05148;EL CARMEN DE VIBORAL
Municipio;05150;CAROLINA
Municipio;05154;CAUCASIA
Municipio;05172;CHIGORODO
Municipio;05190;CISNEROS
Municipio;05197;COCORNA
Municipio;05206;CONCEPCION
Municipio;05209;CONCORDIA
Municipio;05212;COPACABANA
Municipio;05234;DABEIBA
Municipio;05237;DONMATIAS
Municipio;05240;EBEJICO
Municipio;05250;EL BAGRE
Municipio;05264;ENTRERRIOS
Municipio;05266;ENVIGADO
Municipio;05282;FREDONIA
Municipio;05284;FRONTINO
Municipio;05306;GIRALDO
Municipio;05308;GIRARDOTA
Municipio;05310;GOMEZ PLATA
Municipio;05313;GRANADA
Municipio;05315;GUADALUPE
Municipio;05318;GUARNE
Municipio;05321;GUATAPE
Municipio;05347;HELICONIA
Municipio;05353;HISPANIA
Municipio;05360;ITAGÜI
Municipio;05361;ITUANGO
Municipio;05364;JARDIN
Municipio;05368;JERICO
Municipio;05376;LA CEJA
Municipio;05380;LA ESTRELLA
Municipio;05390;LA PINTADA
Municipio;05400;LA UNION
Municipio;05411;LIBORINA
Municipio;05425;MACEO
Municipio;05440;MARINILLA
Municipio;05467;MONTEBELLO
Municipio;05475;MURINDO
Municipio;05480;MUTATA
Municipio;05483;NARINO
Municipio;05490;NECOCLI
Municipio;05495;NECHI
Municipio;05501;OLAYA
Municipio;05541;PENOL
Municipio;05543;PEQUE
Municipio;05576;PUEBLORRICO
Municipio;05579;PUERTO BERRIO
Municipio;05585;PUERTO NARE
Municipio;05591;PUERTO TRIUNFO
Municipio;05604;REMEDIOS
Municipio;05607;RETIRO
Municipio;05615;RIONEGRO
Municipio;05628;SABANALARGA
Municipio;05631;SABANETA
Municipio;05642;SALGAR
Municipio;05647;SAN ANDRES DE CUERQUIA
Municipio;05649;SAN CARLOS
Municipio;05652;SAN FRANCISCO
Municipio;05656;SAN JERONIMO
Municipio;05658;SAN JOSE DE LA MONTANA
Municipio;05659;SAN JUAN DE URABA
Municipio;05660;SAN LUIS
Municipio;05664;SAN PEDRO DE LOS MILAGROS
Municipio;05665;SAN PEDRO DE URABA
Municipio;05667;SAN RAFAEL
Municipio;05670;SAN ROQUE
Municipio;05674;SAN VICENTE FERRER
Municipio;05679;SANTA BARBARA
Municipio;05686;SANTA ROSA DE OSOS
Municipio;05690;SANTO DOMINGO
Municipio;05697;EL SANTUARIO
Municipio;05736;SEGOVIA
Municipio;05756;SONSON
Municipio;05761;SOPETRAN
Municipio;05789;TAMESIS
Municipio;05790;TARAZA
Municipio;05792;TARSO
Municipio;05809;TITIRIBI
Municipio;05819;TOLEDO
Municipio;05837;TURBO
Municipio;05842;URAMITA
Municipio;05847;URRAO
Municipio;05854;VALDIVIA
Municipio;05856;VALPARAISO
Municipio;05858;VEGACHI
Municipio;05861;VENECIA
Municipio;05873;VIGIA DEL FUERTE
Municipio;05885;YALI
Municipio;05887;YARUMAL
Municipio;05890;YOLOMBO
Municipio;05893;YONDO
Municipio;05895;ZARAGOZA
Municipio;08001;BARRANQUILLA
Municipio;08078;BARANOA
Municipio;08137;CAMPO DE LA CRUZ
Municipio;08141;CANDELARIA
Municipio;08296;GALAPA
Municipio;08372;JUAN DE ACOSTA
Municipio;08421;LURUACO
Municipio;08433;MALAMBO
Municipio;08436;MANATI
Municipio;08520;PALMAR DE VARELA
Municipio;08549;PIOJO
Municipio;08558;POLONUEVO
Municipio;08560;PONEDERA
Municipio;08573;PUERTO COLOMBIA
Municipio;08606;REPELON
Municipio;08634;SABANAGRANDE
Municipio;08638;SABANALARGA
Municipio;08675;SANTA LUCIA
Municipio;08685;SANTO TOMAS
Municipio;08758;SOLEDAD
Municipio;08770;SUAN
Municipio;08832;TUBARA
Municipio;08849;USIACURI
Municipio;11001;BOGOTA, D.C.
Municipio;13001;CARTAGENA DE INDIAS
Municipio;13006;ACHI
Municipio;13030;ALTOS DEL ROSARIO
Municipio;13042;ARENAL
Municipio;13052;ARJONA
Municipio;13062;ARROYOHONDO
Municipio;13074;BARRANCO DE LOBA
Municipio;13140;CALAMAR
Municipio;13160;CANTAGALLO
Municipio;13188;CICUCO
Municipio;13212;CORDOBA
Municipio;13222;CLEMENCIA
Municipio;13244;EL CARMEN DE BOLIVAR
Municipio;13248;EL GUAMO
Municipio;13268;EL PENON
Municipio;13300;HATILLO DE LOBA
Municipio;13430;MAGANGUE
Municipio;13433;MAHATES
Municipio;13440;MARGARITA
Municipio;13442;MARIA LA BAJA
Municipio;13458;MONTECRISTO
Municipio;13468;MOMPOS
Municipio;13473;MORALES
Municipio;13490;NOROSI
Municipio;13549;PINILLOS
Municipio;13580;REGIDOR
Municipio;13600;RIO VIEJO
Municipio;13620;SAN CRISTOBAL
Municipio;13647;SAN ESTANISLAO
Municipio;13650;SAN FERNANDO
Municipio;13654;SAN JACINTO
Municipio;13655;SAN JACINTO DEL CAUCA
Municipio;13657;SAN JUAN NEPOMUCENO
Municipio;13667;SAN MARTIN DE LOBA
Municipio;13670;SAN PABLO
Municipio;13673;SANTA CATALINA
Municipio;13683;SANTA ROSA
Municipio;13688;SANTA ROSA DEL SUR
Municipio;13744;SIMITI
Municipio;13760;SOPLAVIENTO
Municipio;13780;TALAIGUA NUEVO
Municipio;13810;TIQUISIO
Municipio;13836;TURBACO
Municipio;13838;TURBANA
Municipio;13873;VILLANUEVA
Municipio;13894;ZAMBRANO
Municipio;15001;TUNJA
Municipio;15022;ALMEIDA
Municipio;15047;AQUITANIA
Municipio;15051;ARCABUCO
Municipio;15087;BELEN
Municipio;15090;BERBEO
Municipio;15092;BETEITIVA
Municipio;15097;BOAVITA
Municipio;15104;BOYACA
Municipio;15106;BRICENO
Municipio;15109;BUENAVISTA
Municipio;15114;BUSBANZA
Municipio;15131;CALDAS
Municipio;15135;CAMPOHERMOSO
Municipio;15162;CERINZA
Municipio;15172;CHINAVITA
Municipio;15176;CHIQUINQUIRA
Municipio;15180;CHISCAS
Municipio;15183;CHITA
Municipio;15185;CHITARAQUE
Municipio;15187;CHIVATA
Municipio;15189;CIENEGA
Municipio;15204;COMBITA
Municipio;15212;COPER
Municipio;15215;CORRALES
Municipio;15218;COVARACHIA
Municipio;15223;CUBARA
Municipio;15224;CUCAITA
Municipio;15226;CUITIVA
Municipio;15232;CHIQUIZA
Municipio;15236;CHIVOR
Municipio;15238;DUITAMA
Municipio;15244;EL COCUY
Municipio;15248;EL ESPINO
Municipio;15272;FIRAVITOBA
Municipio;15276;FLORESTA
Municipio;15293;GACHANTIVA
Municipio;15296;GAMEZA
Municipio;15299;GARAGOA
Municipio;15317;GUACAMAYAS
Municipio;15322;GUATEQUE
Municipio;15325;GUAYATA
Municipio;15332;GÜICAN DE LA SIERRA
Municipio;15362;IZA
Municipio;15367;JENESANO
Municipio;15368;JERICO
Municipio;15377;LABRANZAGRANDE
Municipio;15380;LA CAPILLA
Municipio;15401;LA VICTORIA
Municipio;15403;LA UVITA
Municipio;15407;VILLA DE LEYVA
Municipio;15425;MACANAL
Municipio;15442;MARIPI
Municipio;15455;MIRAFLORES
Municipio;15464;MONGUA
Municipio;15466;MONGUI
Municipio;15469;MONIQUIRA
Municipio;15476;MOTAVITA
Municipio;15480;MUZO
Municipio;15491;NOBSA
Municipio;15494;NUEVO COLON
Municipio;15500;OICATA
Municipio;15507;OTANCHE
Municipio;15511;PACHAVITA
Municipio;15514;PAEZ
Municipio;15516;PAIPA
Municipio;15518;PAJARITO
Municipio;15522;PANQUEBA
Municipio;15531;PAUNA
Municipio;15533;PAYA
Municipio;15537;PAZ DE RIO
Municipio;15542;PESCA
Municipio;15550;PISBA
Municipio;15572;PUERTO BOYACA
Municipio;15580;QUIPAMA
Municipio;15599;RAMIRIQUI
Municipio;15600;RAQUIRA
Municipio;15621;RONDON
Municipio;15632;SABOYA
Municipio;15638;SACHICA
Municipio;15646;SAMACA
Municipio;15660;SAN EDUARDO
Municipio;15664;SAN JOSE DE PARE
Municipio;15667;SAN LUIS DE GACENO
Municipio;15673;SAN MATEO
Municipio;15676;SAN MIGUEL DE SEMA
Municipio;15681;SAN PABLO DE BORBUR
Municipio;15686;SANTANA
Municipio;15690;SANTA MARIA
Municipio;15693;SANTA ROSA DE VITERBO
Municipio;15696;SANTA SOFIA
Municipio;15720;SATIVANORTE
Municipio;15723;SATIVASUR
Municipio;15740;SIACHOQUE
Municipio;15753;SOATA
Municipio;15755;SOCOTA
Municipio;15757;SOCHA
Municipio;15759;SOGAMOSO
Municipio;15761;SOMONDOCO
Municipio;15762;SORA
Municipio;15763;SOTAQUIRA
Municipio;15764;SORACA
Municipio;15774;SUSACON
Municipio;15776;SUTAMARCHAN
Municipio;15778;SUTATENZA
Municipio;15790;TASCO
Municipio;15798;TENZA
Municipio;15804;TIBANA
Municipio;15806;TIBASOSA
Municipio;15808;TINJACA
Municipio;15810;TIPACOQUE
Municipio;15814;TOCA
Municipio;15816;TOGÜI
Municipio;15820;TOPAGA
Municipio;15822;TOTA
Municipio;15832;TUNUNGUA
Municipio;15835;TURMEQUE
Municipio;15837;TUTA
Municipio;15839;TUTAZA
Municipio;15842;UMBITA
Municipio;15861;VENTAQUEMADA
Municipio;15879;VIRACACHA
Municipio;15897;ZETAQUIRA
Municipio;17001;MANIZALES
Municipio;17013;AGUADAS
Municipio;17042;ANSERMA
Municipio;17050;ARANZAZU
Municipio;17088;BELALCAZAR
Municipio;17174;CHINCHINA
Municipio;17272;FILADELFIA
Municipio;17380;LA DORADA
Municipio;17388;LA MERCED
Municipio;17433;MANZANARES
Municipio;17442;MARMATO
Municipio;17444;MARQUETALIA
Municipio;17446;MARULANDA
Municipio;17486;NEIRA
Municipio;17495;NORCASIA
Municipio;17513;PACORA
Municipio;17524;PALESTINA
Municipio;17541;PENSILVANIA
Municipio;17614;RIOSUCIO
Municipio;17616;RISARALDA
Municipio;17653;SALAMINA
Municipio;17662;SAMANA
Municipio;17665;SAN JOSE
Municipio;17777;SUPIA
Municipio;17867;VICTORIA
Municipio;17873;VILLAMARIA
Municipio;17877;VITERBO
Municipio;18001;FLORENCIA
Municipio;18029;ALBANIA
Municipio;18094;BELEN DE LOS ANDAQUIES
Municipio;18150;CARTAGENA DEL CHAIRA
Municipio;18205;CURILLO
Municipio;18247;EL DONCELLO
Municipio;18256;EL PAUJIL
Municipio;18410;LA MONTANITA
Municipio;18460;MILAN
Municipio;18479;MORELIA
Municipio;18592;PUERTO RICO
Municipio;18610;SAN JOSE DEL FRAGUA
Municipio;18753;SAN VICENTE DEL CAGUAN
Municipio;18756;SOLANO
Municipio;18785;SOLITA
Municipio;18860;VALPARAISO
Municipio;19001;POPAYAN
Municipio;19022;ALMAGUER
Municipio;19050;ARGELIA
Municipio;19075;BALBOA
Municipio;19100;BOLIVAR
Municipio;19110;BUENOS AIRES
Municipio;19130;CAJIBIO
Municipio;19137;CALDONO
Municipio;19142;CALOTO
Municipio;19212;CORINTO
Municipio;19256;EL TAMBO
Municipio;19290;FLORENCIA
Municipio;19300;GUACHENE
Municipio;19318;GUAPI
Municipio;19355;INZA
Municipio;19364;JAMBALO
Municipio;19392;LA SIERRA
Municipio;19397;LA VEGA
Municipio;19418;LOPEZ DE MICAY
Municipio;19450;MERCADERES
Municipio;19455;MIRANDA
Municipio;19473;MORALES
Municipio;19513;PADILLA
Municipio;19517;PAEZ
Municipio;19532;PATIA
Municipio;19533;PIAMONTE
Municipio;19548;PIENDAMO - TUNIA
Municipio;19573;PUERTO TEJADA
Municipio;19585;PURACE
Municipio;19622;ROSAS
Municipio;19693;SAN SEBASTIAN
Municipio;19698;SANTANDER DE QUILICHAO
Municipio;19701;SANTA ROSA
Municipio;19743;SILVIA
Municipio;19760;SOTARA
Municipio;19780;SUAREZ
Municipio;19785;SUCRE
Municipio;19807;TIMBIO
Municipio;19809;TIMBIQUI
Municipio;19821;TORIBIO
Municipio;19824;TOTORO
Municipio;19845;VILLA RICA
Municipio;20001;VALLEDUPAR
Municipio;20011;AGUACHICA
Municipio;20013;AGUSTIN CODAZZI
Municipio;20032;ASTREA
Municipio;20045;BECERRIL
Municipio;20060;BOSCONIA
Municipio;20175;CHIMICHAGUA
Municipio;20178;CHIRIGUANA
Municipio;20228;CURUMANI
Municipio;20238;EL COPEY
Municipio;20250;EL PASO
Municipio;20295;GAMARRA
Municipio;20310;GONZALEZ
Municipio;20383;LA GLORIA
Municipio;20400;LA JAGUA DE IBIRICO
Municipio;20443;MANAURE BALCON DEL CESAR
Municipio;20517;PAILITAS
Municipio;20550;PELAYA
Municipio;20570;PUEBLO BELLO
Municipio;20614;RIO DE ORO
Municipio;20621;LA PAZ
Municipio;20710;SAN ALBERTO
Municipio;20750;SAN DIEGO
Municipio;20770;SAN MARTIN
Municipio;20787;TAMALAMEQUE
Municipio;23001;MONTERIA
Municipio;23068;AYAPEL
Municipio;23079;BUENAVISTA
Municipio;23090;CANALETE
Municipio;23162;CERETE
Municipio;23168;CHIMA
Municipio;23182;CHINU
Municipio;23189;CIENAGA DE ORO
Municipio;23300;COTORRA
Municipio;23350;LA APARTADA
Municipio;23417;LORICA
Municipio;23419;LOS CORDOBAS
Municipio;23464;MOMIL
Municipio;23466;MONTELIBANO
Municipio;23500;MONITOS
Municipio;23555;PLANETA RICA
Municipio;23570;PUEBLO NUEVO
Municipio;23574;PUERTO ESCONDIDO
Municipio;23580;PUERTO LIBERTADOR
Municipio;23586;PURISIMA DE LA CONCEPCION
Municipio;23660;SAHAGUN
Municipio;23670;SAN ANDRES DE SOTAVENTO
Municipio;23672;SAN ANTERO
Municipio;23675;SAN BERNARDO DEL VIENTO
Municipio;23678;SAN CARLOS
Municipio;23682;SAN JOSE DE URE
Municipio;23686;SAN PELAYO
Municipio;23807;TIERRALTA
Municipio;23815;TUCHIN
Municipio;23855;VALENCIA
Municipio;25001;AGUA DE DIOS
Municipio;25019;ALBAN
Municipio;25035;ANAPOIMA
Municipio;25040;ANOLAIMA
Municipio;25053;ARBELAEZ
Municipio;25086;BELTRAN
Municipio;25095;BITUIMA
Municipio;25099;BOJACA
Municipio;25120;CABRERA
Municipio;25123;CACHIPAY
Municipio;25126;CAJICA
Municipio;25148;CAPARRAPI
Municipio;25151;CAQUEZA
Municipio;25154;CARMEN DE CARUPA
Municipio;25168;CHAGUANI
Municipio;25175;CHIA
Municipio;25178;CHIPAQUE
Municipio;25181;CHOACHI
Municipio;25183;CHOCONTA
Municipio;25200;COGUA
Municipio;25214;COTA
Municipio;25224;CUCUNUBA
Municipio;25245;EL COLEGIO
Municipio;25258;EL PENON
Municipio;25260;EL ROSAL
Municipio;25269;FACATATIVA
Municipio;25279;FOMEQUE
Municipio;25281;FOSCA
Municipio;25286;FUNZA
Municipio;25288;FUQUENE
Municipio;25290;FUSAGASUGA
Municipio;25293;GACHALA
Municipio;25295;GACHANCIPA
Municipio;25297;GACHETA
Municipio;25299;GAMA
Municipio;25307;GIRARDOT
Municipio;25312;GRANADA
Municipio;25317;GUACHETA
Municipio;25320;GUADUAS
Municipio;25322;GUASCA
Municipio;25324;GUATAQUI
Municipio;25326;GUATAVITA
Municipio;25328;GUAYABAL DE SIQUIMA
Municipio;25335;GUAYABETAL
Municipio;25339;GUTIERREZ
Municipio;25368;JERUSALEN
Municipio;25372;JUNIN
Municipio;25377;LA CALERA
Municipio;25386;LA MESA
Municipio;25394;LA PALMA
Municipio;25398;LA PENA
Municipio;25402;LA VEGA
Municipio;25407;LENGUAZAQUE
Municipio;25426;MACHETA
Municipio;25430;MADRID
Municipio;25436;MANTA
Municipio;25438;MEDINA
Municipio;25473;MOSQUERA
Municipio;25483;NARINO
Municipio;25486;NEMOCON
Municipio;25488;NILO
Municipio;25489;NIMAIMA
Municipio;25491;NOCAIMA
Municipio;25506;VENECIA
Municipio;25513;PACHO
Municipio;25518;PAIME
Municipio;25524;PANDI
Municipio;25530;PARATEBUENO
Municipio;25535;PASCA
Municipio;25572;PUERTO SALGAR
Municipio;25580;PULI
Municipio;25592;QUEBRADANEGRA
Municipio;25594;QUETAME
Municipio;25596;QUIPILE
Municipio;25599;APULO
Municipio;25612;RICAURTE
Municipio;25645;SAN ANTONIO DEL TEQUENDAMA
Municipio;25649;SAN BERNARDO
Municipio;25653;SAN CAYETANO
Municipio;25658;SAN FRANCISCO
Municipio;25662;SAN JUAN DE RIOSECO
Municipio;25718;SASAIMA
Municipio;25736;SESQUILE
Municipio;25740;SIBATE
Municipio;25743;SILVANIA
Municipio;25745;SIMIJACA
Municipio;25754;SOACHA
Municipio;25758;SOPO
Municipio;25769;SUBACHOQUE
Municipio;25772;SUESCA
Municipio;25777;SUPATA
Municipio;25779;SUSA
Municipio;25781;SUTATAUSA
Municipio;25785;TABIO
Municipio;25793;TAUSA
Municipio;25797;TENA
Municipio;25799;TENJO
Municipio;25805;TIBACUY
Municipio;25807;TIBIRITA
Municipio;25815;TOCAIMA
Municipio;25817;TOCANCIPA
Municipio;25823;TOPAIPI
Municipio;25839;UBALA
Municipio;25841;UBAQUE
Municipio;25843;VILLA DE SAN DIEGO DE UBATE
Municipio;25845;UNE
Municipio;25851;UTICA
Municipio;25862;VERGARA
Municipio;25867;VIANI
Municipio;25871;VILLAGOMEZ
Municipio;25873;VILLAPINZON
Municipio;25875;VILLETA
Municipio;25878;VIOTA
Municipio;25885;YACOPI
Municipio;25898;ZIPACON
Municipio;25899;ZIPAQUIRA
Municipio;27001;QUIBDO
Municipio;27006;ACANDI
Municipio;27025;ALTO BAUDO
Municipio;27050;ATRATO
Municipio;27073;BAGADO
Municipio;27075;BAHIA SOLANO
Municipio;27077;BAJO BAUDO
Municipio;27086;BElEn DE BAjIrA
Municipio;27099;BOJAYA
Municipio;27135;EL CANTON DEL SAN PABLO
Municipio;27150;CARMEN DEL DARIEN
Municipio;27160;CERTEGUI
Municipio;27205;CONDOTO
Municipio;27245;EL CARMEN DE ATRATO
Municipio;27250;EL LITORAL DEL SAN JUAN
Municipio;27361;ISTMINA
Municipio;27372;JURADO
Municipio;27413;LLORO
Municipio;27425;MEDIO ATRATO
Municipio;27430;MEDIO BAUDO
Municipio;27450;MEDIO SAN JUAN
Municipio;27491;NOVITA
Municipio;27495;NUQUI
Municipio;27580;RIO IRO
Municipio;27600;RIO QUITO
Municipio;27615;RIOSUCIO
Municipio;27660;SAN JOSE DEL PALMAR
Municipio;27745;SIPI
Municipio;27787;TADO
Municipio;27800;UNGUIA
Municipio;27810;UNION PANAMERICANA
Municipio;41001;NEIVA
Municipio;41006;ACEVEDO
Municipio;41013;AGRADO
Municipio;41016;AIPE
Municipio;41020;ALGECIRAS
Municipio;41026;ALTAMIRA
Municipio;41078;BARAYA
Municipio;41132;CAMPOALEGRE
Municipio;41206;COLOMBIA
Municipio;41244;ELIAS
Municipio;41298;GARZON
Municipio;41306;GIGANTE
Municipio;41319;GUADALUPE
Municipio;41349;HOBO
Municipio;41357;IQUIRA
Municipio;41359;ISNOS
Municipio;41378;LA ARGENTINA
Municipio;41396;LA PLATA
Municipio;41483;NATAGA
Municipio;41503;OPORAPA
Municipio;41518;PAICOL
Municipio;41524;PALERMO
Municipio;41530;PALESTINA
Municipio;41548;PITAL
Municipio;41551;PITALITO
Municipio;41615;RIVERA
Municipio;41660;SALADOBLANCO
Municipio;41668;SAN AGUSTIN
Municipio;41676;SANTA MARIA
Municipio;41770;SUAZA
Municipio;41791;TARQUI
Municipio;41797;TESALIA
Municipio;41799;TELLO
Municipio;41801;TERUEL
Municipio;41807;TIMANA
Municipio;41872;VILLAVIEJA
Municipio;41885;YAGUARA
Municipio;44001;RIOHACHA
Municipio;44035;ALBANIA
Municipio;44078;BARRANCAS
Municipio;44090;DIBULLA
Municipio;44098;DISTRACCION
Municipio;44110;EL MOLINO
Municipio;44279;FONSECA
Municipio;44378;HATONUEVO
Municipio;44420;LA JAGUA DEL PILAR
Municipio;44430;MAICAO
Municipio;44560;MANAURE
Municipio;44650;SAN JUAN DEL CESAR
Municipio;44847;URIBIA
Municipio;44855;URUMITA
Municipio;44874;VILLANUEVA
Municipio;47001;SANTA MARTA
Municipio;47030;ALGARROBO
Municipio;47053;ARACATACA
Municipio;47058;ARIGUANI
Municipio;47161;CERRO DE SAN ANTONIO
Municipio;47170;CHIVOLO
Municipio;47189;CIENAGA
Municipio;47205;CONCORDIA
Municipio;47245;EL BANCO
Municipio;47258;EL PINON
Municipio;47268;EL RETEN
Municipio;47288;FUNDACION
Municipio;47318;GUAMAL
Municipio;47460;NUEVA GRANADA
Municipio;47541;PEDRAZA
Municipio;47545;PIJINO DEL CARMEN
Municipio;47551;PIVIJAY
Municipio;47555;PLATO
Municipio;47570;PUEBLOVIEJO
Municipio;47605;REMOLINO
Municipio;47660;SABANAS DE SAN ANGEL
Municipio;47675;SALAMINA
Municipio;47692;SAN SEBASTIAN DE BUENAVISTA
Municipio;47703;SAN ZENON
Municipio;47707;SANTA ANA
Municipio;47720;SANTA BARBARA DE PINTO
Municipio;47745;SITIONUEVO
Municipio;47798;TENERIFE
Municipio;47960;ZAPAYAN
Municipio;47980;ZONA BANANERA
Municipio;50001;VILLAVICENCIO
Municipio;50006;ACACIAS
Municipio;50110;BARRANCA DE UPIA
Municipio;50124;CABUYARO
Municipio;50150;CASTILLA LA NUEVA
Municipio;50223;CUBARRAL
Municipio;50226;CUMARAL
Municipio;50245;EL CALVARIO
Municipio;50251;EL CASTILLO
Municipio;50270;EL DORADO
Municipio;50287;FUENTE DE ORO
Municipio;50313;GRANADA
Municipio;50318;GUAMAL
Municipio;50325;MAPIRIPAN
Municipio;50330;MESETAS
Municipio;50350;LA MACARENA
Municipio;50370;URIBE
Municipio;50400;LEJANIAS
Municipio;50450;PUERTO CONCORDIA
Municipio;50568;PUERTO GAITAN
Municipio;50573;PUERTO LOPEZ
Municipio;50577;PUERTO LLERAS
Municipio;50590;PUERTO RICO
Municipio;50606;RESTREPO
Municipio;50680;SAN CARLOS DE GUAROA
Municipio;50683;SAN JUAN DE ARAMA
Municipio;50686;SAN JUANITO
Municipio;50689;SAN MARTIN
Municipio;50711;VISTAHERMOSA
Municipio;52001;PASTO
Municipio;52019;ALBAN
Municipio;52022;ALDANA
Municipio;52036;ANCUYA
Municipio;52051;ARBOLEDA
Municipio;52079;BARBACOAS
Municipio;52083;BELEN
Municipio;52110;BUESACO
Municipio;52203;COLON
Municipio;52207;CONSACA
Municipio;52210;CONTADERO
Municipio;52215;CORDOBA
Municipio;52224;CUASPUD
Municipio;52227;CUMBAL
Municipio;52233;CUMBITARA
Municipio;52240;CHACHAGÜI
Municipio;52250;EL CHARCO
Municipio;52254;EL PENOL
Municipio;52256;EL ROSARIO
Municipio;52258;EL TABLON DE GOMEZ
Municipio;52260;EL TAMBO
Municipio;52287;FUNES
Municipio;52317;GUACHUCAL
Municipio;52320;GUAITARILLA
Municipio;52323;GUALMATAN
Municipio;52352;ILES
Municipio;52354;IMUES
Municipio;52356;IPIALES
Municipio;52378;LA CRUZ
Municipio;52381;LA FLORIDA
Municipio;52385;LA LLANADA
Municipio;52390;LA TOLA
Municipio;52399;LA UNION
Municipio;52405;LEIVA
Municipio;52411;LINARES
Municipio;52418;LOS ANDES
Municipio;52427;MAGÜI
Municipio;52435;MALLAMA
Municipio;52473;MOSQUERA
Municipio;52480;NARINO
Municipio;52490;OLAYA HERRERA
Municipio;52506;OSPINA
Municipio;52520;FRANCISCO PIZARRO
Municipio;52540;POLICARPA
Municipio;52560;POTOSI
Municipio;52565;PROVIDENCIA
Municipio;52573;PUERRES
Municipio;52585;PUPIALES
Municipio;52612;RICAURTE
Municipio;52621;ROBERTO PAYAN
Municipio;52678;SAMANIEGO
Municipio;52683;SANDONA
Municipio;52685;SAN BERNARDO
Municipio;52687;SAN LORENZO
Municipio;52693;SAN PABLO
Municipio;52694;SAN PEDRO DE CARTAGO
Municipio;52696;SANTA BARBARA
Municipio;52699;SANTACRUZ
Municipio;52720;SAPUYES
Municipio;52786;TAMINANGO
Municipio;52788;TANGUA
Municipio;52835;SAN ANDRES DE TUMACO
Municipio;52838;TUQUERRES
Municipio;52885;YACUANQUER
Municipio;54001;SAN JOSE DE CUCUTA
Municipio;54003;ABREGO
Municipio;54051;ARBOLEDAS
Municipio;54099;BOCHALEMA
Municipio;54109;BUCARASICA
Municipio;54125;CACOTA
Municipio;54128;CACHIRA
Municipio;54172;CHINACOTA
Municipio;54174;CHITAGA
Municipio;54206;CONVENCION
Municipio;54223;CUCUTILLA
Municipio;54239;DURANIA
Municipio;54245;EL CARMEN
Municipio;54250;EL TARRA
Municipio;54261;EL ZULIA
Municipio;54313;GRAMALOTE
Municipio;54344;HACARI
Municipio;54347;HERRAN
Municipio;54377;LABATECA
Municipio;54385;LA ESPERANZA
Municipio;54398;LA PLAYA
Municipio;54405;LOS PATIOS
Municipio;54418;LOURDES
Municipio;54480;MUTISCUA
Municipio;54498;OCANA
Municipio;54518;PAMPLONA
Municipio;54520;PAMPLONITA
Municipio;54553;PUERTO SANTANDER
Municipio;54599;RAGONVALIA
Municipio;54660;SALAZAR
Municipio;54670;SAN CALIXTO
Municipio;54673;SAN CAYETANO
Municipio;54680;SANTIAGO
Municipio;54720;SARDINATA
Municipio;54743;SILOS
Municipio;54800;TEORAMA
Municipio;54810;TIBU
Municipio;54820;TOLEDO
Municipio;54871;VILLA CARO
Municipio;54874;VILLA DEL ROSARIO
Municipio;63001;ARMENIA
Municipio;63111;BUENAVISTA
Municipio;63130;CALARCA
Municipio;63190;CIRCASIA
Municipio;63212;CORDOBA
Municipio;63272;FILANDIA
Municipio;63302;GENOVA
Municipio;63401;LA TEBAIDA
Municipio;63470;MONTENEGRO
Municipio;63548;PIJAO
Municipio;63594;QUIMBAYA
Municipio;63690;SALENTO
Municipio;66001;PEREIRA
Municipio;66045;APIA
Municipio;66075;BALBOA
Municipio;66088;BELEN DE UMBRIA
Municipio;66170;DOSQUEBRADAS
Municipio;66318;GUATICA
Municipio;66383;LA CELIA
Municipio;66400;LA VIRGINIA
Municipio;66440;MARSELLA
Municipio;66456;MISTRATO
Municipio;66572;PUEBLO RICO
Municipio;66594;QUINCHIA
Municipio;66682;SANTA ROSA DE CABAL
Municipio;66687;SANTUARIO
Municipio;68001;BUCARAMANGA
Municipio;68013;AGUADA
Municipio;68020;ALBANIA
Municipio;68051;ARATOCA
Municipio;68077;BARBOSA
Municipio;68079;BARICHARA
Municipio;68081;BARRANCABERMEJA
Municipio;68092;BETULIA
Municipio;68101;BOLIVAR
Municipio;68121;CABRERA
Municipio;68132;CALIFORNIA
Municipio;68147;CAPITANEJO
Municipio;68152;CARCASI
Municipio;68160;CEPITA
Municipio;68162;CERRITO
Municipio;68167;CHARALA
Municipio;68169;CHARTA
Municipio;68176;CHIMA
Municipio;68179;CHIPATA
Municipio;68190;CIMITARRA
Municipio;68207;CONCEPCION
Municipio;68209;CONFINES
Municipio;68211;CONTRATACION
Municipio;68217;COROMORO
Municipio;68229;CURITI
Municipio;68235;EL CARMEN DE CHUCURI
Municipio;68245;EL GUACAMAYO
Municipio;68250;EL PENON
Municipio;68255;EL PLAYON
Municipio;68264;ENCINO
Municipio;68266;ENCISO
Municipio;68271;FLORIAN
Municipio;68276;FLORIDABLANCA
Municipio;68296;GALAN
Municipio;68298;GAMBITA
Municipio;68307;GIRON
Municipio;68318;GUACA
Municipio;68320;GUADALUPE
Municipio;68322;GUAPOTA
Municipio;68324;GUAVATA
Municipio;68327;GÜEPSA
Municipio;68344;HATO
Municipio;68368;JESUS MARIA
Municipio;68370;JORDAN
Municipio;68377;LA BELLEZA
Municipio;68385;LANDAZURI
Municipio;68397;LA PAZ
Municipio;68406;LEBRIJA
Municipio;68418;LOS SANTOS
Municipio;68425;MACARAVITA
Municipio;68432;MALAGA
Municipio;68444;MATANZA
Municipio;68464;MOGOTES
Municipio;68468;MOLAGAVITA
Municipio;68498;OCAMONTE
Municipio;68500;OIBA
Municipio;68502;ONZAGA
Municipio;68522;PALMAR
Municipio;68524;PALMAS DEL SOCORRO
Municipio;68533;PARAMO
Municipio;68547;PIEDECUESTA
Municipio;68549;PINCHOTE
Municipio;68572;PUENTE NACIONAL
Municipio;68573;PUERTO PARRA
Municipio;68575;PUERTO WILCHES
Municipio;68615;RIONEGRO
Municipio;68655;SABANA DE TORRES
Municipio;68669;SAN ANDRES
Municipio;68673;SAN BENITO
Municipio;68679;SAN GIL
Municipio;68682;SAN JOAQUIN
Municipio;68684;SAN JOSE DE MIRANDA
Municipio;68686;SAN MIGUEL
Municipio;68689;SAN VICENTE DE CHUCURI
Municipio;68705;SANTA BARBARA
Municipio;68720;SANTA HELENA DEL OPON
Municipio;68745;SIMACOTA
Municipio;68755;SOCORRO
Municipio;68770;SUAITA
Municipio;68773;SUCRE
Municipio;68780;SURATA
Municipio;68820;TONA
Municipio;68855;VALLE DE SAN JOSE
Municipio;68861;VELEZ
Municipio;68867;VETAS
Municipio;68872;VILLANUEVA
Municipio;68895;ZAPATOCA
Municipio;70001;SINCELEJO
Municipio;70110;BUENAVISTA
Municipio;70124;CAIMITO
Municipio;70204;COLOSO
Municipio;70215;COROZAL
Municipio;70221;COVENAS
Municipio;70230;CHALAN
Municipio;70233;EL ROBLE
Municipio;70235;GALERAS
Municipio;70265;GUARANDA
Municipio;70400;LA UNION
Municipio;70418;LOS PALMITOS
Municipio;70429;MAJAGUAL
Municipio;70473;MORROA
Municipio;70508;OVEJAS
Municipio;70523;PALMITO
Municipio;70670;SAMPUES
Municipio;70678;SAN BENITO ABAD
Municipio;70702;SAN JUAN DE BETULIA
Municipio;70708;SAN MARCOS
Municipio;70713;SAN ONOFRE
Municipio;70717;SAN PEDRO
Municipio;70742;SAN LUIS DE SINCE
Municipio;70771;SUCRE
Municipio;70820;SANTIAGO DE TOLU
Municipio;70823;TOLU VIEJO
Municipio;73001;IBAGUE
Municipio;73024;ALPUJARRA
Municipio;73026;ALVARADO
Municipio;73030;AMBALEMA
Municipio;73043;ANZOATEGUI
Municipio;73055;ARMERO
Municipio;73067;ATACO
Municipio;73124;CAJAMARCA
Municipio;73148;CARMEN DE APICALA
Municipio;73152;CASABIANCA
Municipio;73168;CHAPARRAL
Municipio;73200;COELLO
Municipio;73217;COYAIMA
Municipio;73226;CUNDAY
Municipio;73236;DOLORES
Municipio;73268;ESPINAL
Municipio;73270;FALAN
Municipio;73275;FLANDES
Municipio;73283;FRESNO
Municipio;73319;GUAMO
Municipio;73347;HERVEO
Municipio;73349;HONDA
Municipio;73352;ICONONZO
Municipio;73408;LERIDA
Municipio;73411;LIBANO
Municipio;73443;SAN SEBASTIAN DE MARIQUITA
Municipio;73449;MELGAR
Municipio;73461;MURILLO
Municipio;73483;NATAGAIMA
Municipio;73504;ORTEGA
Municipio;73520;PALOCABILDO
Municipio;73547;PIEDRAS
Municipio;73555;PLANADAS
Municipio;73563;PRADO
Municipio;73585;PURIFICACION
Municipio;73616;RIOBLANCO
Municipio;73622;RONCESVALLES
Municipio;73624;ROVIRA
Municipio;73671;SALDANA
Municipio;73675;SAN ANTONIO
Municipio;73678;SAN LUIS
Municipio;73686;SANTA ISABEL
Municipio;73770;SUAREZ
Municipio;73854;VALLE DE SAN JUAN
Municipio;73861;VENADILLO
Municipio;73870;VILLAHERMOSA
Municipio;73873;VILLARRICA
Municipio;76001;CALI
Municipio;76020;ALCALA
Municipio;76036;ANDALUCIA
Municipio;76041;ANSERMANUEVO
Municipio;76054;ARGELIA
Municipio;76100;BOLIVAR
Municipio;76109;BUENAVENTURA
Municipio;76111;GUADALAJARA DE BUGA
Municipio;76113;BUGALAGRANDE
Municipio;76122;CAICEDONIA
Municipio;76126;CALIMA
Municipio;76130;CANDELARIA
Municipio;76147;CARTAGO
Municipio;76233;DAGUA
Municipio;76243;EL AGUILA
Municipio;76246;EL CAIRO
Municipio;76248;EL CERRITO
Municipio;76250;EL DOVIO
Municipio;76275;FLORIDA
Municipio;76306;GINEBRA
Municipio;76318;GUACARI
Municipio;76364;JAMUNDI
Municipio;76377;LA CUMBRE
Municipio;76400;LA UNION
Municipio;76403;LA VICTORIA
Municipio;76497;OBANDO
Municipio;76520;PALMIRA
Municipio;76563;PRADERA
Municipio;76606;RESTREPO
Municipio;76616;RIOFRIO
Municipio;76622;ROLDANILLO
Municipio;76670;SAN PEDRO
Municipio;76736;SEVILLA
Municipio;76823;TORO
Municipio;76828;TRUJILLO
Municipio;76834;TULUA
Municipio;76845;ULLOA
Municipio;76863;VERSALLES
Municipio;76869;VIJES
Municipio;76890;YOTOCO
Municipio;76892;YUMBO
Municipio;76895;ZARZAL
Municipio;81001;ARAUCA
Municipio;81065;ARAUQUITA
Municipio;81220;CRAVO NORTE
Municipio;81300;FORTUL
Municipio;81591;PUERTO RONDON
Municipio;81736;SARAVENA
Municipio;81794;TAME
Municipio;85001;YOPAL
Municipio;85010;AGUAZUL
Municipio;85015;CHAMEZA
Municipio;85125;HATO COROZAL
Municipio;85136;LA SALINA
Municipio;85139;MANI
Municipio;85162;MONTERREY
Municipio;85225;NUNCHIA
Municipio;85230;OROCUE
Municipio;85250;PAZ DE ARIPORO
Municipio;85263;PORE
Municipio;85279;RECETOR
Municipio;85300;SABANALARGA
Municipio;85315;SACAMA
Municipio;85325;SAN LUIS DE PALENQUE
Municipio;85400;TAMARA
Municipio;85410;TAURAMENA
Municipio;85430;TRINIDAD
Municipio;85440;VILLANUEVA
Municipio;86001;MOCOA
Municipio;86219;COLON
Municipio;86320;ORITO
Municipio;86568;PUERTO ASIS
Municipio;86569;PUERTO CAICEDO
Municipio;86571;PUERTO GUZMAN
Municipio;86573;PUERTO LEGUIZAMO
Municipio;86749;SIBUNDOY
Municipio;86755;SAN FRANCISCO
Municipio;86757;SAN MIGUEL
Municipio;86760;SANTIAGO
Municipio;86865;VALLE DEL GUAMUEZ
Municipio;86885;VILLAGARZON
Municipio;88001;SAN ANDRES
Municipio;88564;PROVIDENCIA
Municipio;91001;LETICIA
Municipio;91263;EL ENCANTO
Municipio;91405;LA CHORRERA
Municipio;91407;LA PEDRERA
Municipio;91430;LA VICTORIA
Municipio;91460;MIRITI - PARANA
Municipio;91530;PUERTO ALEGRIA
Municipio;91536;PUERTO ARICA
Municipio;91540;PUERTO NARINO
Municipio;91669;PUERTO SANTANDER
Municipio;91798;TARAPACA
Municipio;94001;INIRIDA
Municipio;94343;BARRANCO MINAS
Municipio;94663;MAPIRIPANA
Municipio;94883;SAN FELIPE
Municipio;94884;PUERTO COLOMBIA
Municipio;94885;LA GUADALUPE
Municipio;94886;CACAHUAL
Municipio;94887;PANA PANA
Municipio;94888;MORICHAL
Municipio;95001;SAN JOSE DEL GUAVIARE
Municipio;95015;CALAMAR
Municipio;95025;EL RETORNO
Municipio;95200;MIRAFLORES
Municipio;97001;MITU
Municipio;97161;CARURU
Municipio;97511;PACOA
Municipio;97666;TARAIRA
Municipio;97777;PAPUNAHUA
Municipio;97889;YAVARATE
Municipio;99001;PUERTO CARRENO
Municipio;99524;LA PRIMAVERA
Municipio;99624;SANTA ROSALIA
Municipio;99773;CUMARIBO